Adder,,,,,,
Albany Escalade,,,,,,
Alpha,,,,,,
Annis 350Z,,,,,,
Annis GT-R I,,,,,,
Annis RX-7 (FD),,,,,,
Annis RX-8,,,,,,
Annis Silvia (S15),,,,,,
Annis Skyline GT-R (R34),,,,,,
Annis WRX 2004,,,,,,
Annis ZR-350,,,,,,
Apocalypse Impaler,,,,,,
Apocalypse Imperator,,,,,,
Apocalypse Issi,,,,,,
Apocalypse Slamvan,,,,,,
Ardent,,,,,,
Asbo,,,,,,
Asea,,,,,,
Asterope,,,,,,
Autarch,,,,,,
Annis RX-7 (VF),,,,,,
Baller,,,,,,
Baller LE LWB,,,,,,
Baller SG,,,,,,
Banshee,,,,,,
Banshee 900R,,,,,,
Beater Emperor,,,,,,
Beater Mariachi Tornado,,,,,,
Beater Surfer,,,,,,
Beater Tornado,,,,,,
Benefactor 600SEL (W140),,,,,,
Benefactor C63 Coupe (W205),,,,,,
Benefactor E420 (W210),,,,,,
Benefactor E420 (W210),,,,,,
Benefactor G63 (G770),,,,,,
Benefactor GT Black Series,,,,,,
Benefactor GT-63 (S),,,,,,
Benefactor S63 (W222),,,,,,
Benefactor Vito (V447),,,,,,
Benefactor-AMG C63 (W205),,,,,,
Benefactor-AMG GT,,,,,,
Benefactor-AMG GT 63 (S),,,,,,
Benefactor-AMG SL65 (R230),,,,,,
Benefactor-Maybach Pullman,,,,,,
Benefactor-MG VT,,,,,,
Bestia GTS,,,,,,
Bison,,,,,,
Blade,,,,,,
Blista,,,,,,
Blista Kanjo,,,,,,
Bodhi,,,,,,
Bravado Charger 1969,,,,,,
Bravado Charger SRT,,,,,,
Bravado Ram 1500,,,,,,
Bravado Viper 2008,,,,,,
Brawler,,,,,,
Brioso R/A,,,,,,
Buccaneer,,,,,,
Buffalo,,,,,,
Bullet,,,,,,
Burgerfahrzeug Golf GTI Vision,,,,,,
Burgerfahrzeug Tiguan,,,,,,
Calico GTF,,,,,,
Caracara 4x4,,,,,,
Carbonizzare,,,,,,
Casco,,,,,,
Cavalcade,,,,,,
Cheburek,,,,,,
Cheetah,,,,,,
Cheetah Classic,,,,,,
Chino,,,,,,
Clique,,,,,,
Cognoscenti,,,,,,
Cognoscenti 55,,,,,,
Cognoscenti Cabrio,,,,,,
Coil Cybertruck,,,,,,
Coil H9,,,,,,
Coil Model S,,,,,,
Coil Model X,,,,,,
Coil Roadster,,,,,,
Comet,,,,,,
Comet S2,,,,,,
Comet SR,,,,,,
Contender,,,,,,
Coquette,,,,,,
Coquette Blackfin,,,,,,
Coquette Classic,,,,,,
Coquette D10,,,,,,
Cyclone,,,,,,
Cypher,,,,,,
Declasse Camaro 2020,,,,,,
Declasse Corvette C7,,,,,,
Declasse Tahoe,,,,,,
Deveste Eight,,,,,,
Deviant,,,,,,
Dilettante,,,,,,
Dinka NSX 2017,,,,,,
Dinka RT-3000,,,,,,
Dominator,,,,,,
Dominator ASP,,,,,,
Dominator GTT,,,,,,
Dominator GTX,,,,,,
Dominator PiBwasser,,,,,,
Drift Yosemite,,,,,,
Dubsta,,,,,,
Dubsta 6x6,,,,,,
Dubsta SG,,,,,,
Dukes,,,,,,
Elegy Retro Custom,,,,,,
Elegy RH8,,,,,,
Ellie,,,,,,
Emperor,,,,,,
Emperor LX-570,,,,,,
Emperor RCF,,,,,,
Entity XF,,,,,,
Enus Bentayga,,,,,,
Enus Continental GT,,,,,,
Enus Cullinan,,,,,,
Enus Phantom,,,,,,
ETR-1,,,,,,
Euros,,,,,,
Exemplar,,,,,,
Enus Spectre,,,,,,
F620,,,,,,
Faction,,,,,,
Felon,,,,,,
Felon GT,,,,,,
Feltzer,,,,,,
Flash GT,,,,,,
FMJ,,,,,,
FQ 2,,,,,,
Fugitive,,,,,,
Furore GT,,,,,,
Fusilade,,,,,,
Futo,,,,,,
Futo GTX,,,,,,
Future Shock Issi,,,,,,
Gallivanter Defender,,,,,,
Gallivanter Velar,,,,,,
Gauntlet,,,,,,
Gauntlet Classic,,,,,,
Gauntlet Hellfire,,,,,,
Gauntlet Redwood,,,,,,
GB200,,,,,,
Glendale,,,,,,
GP-1,,,,,,
Granger,,,,,,
Grotti Italia (F458),,,,,,
Grotti Purosangue,,,,,,
Growler,,,,,,
GT 500,,,,,,
Hermes,,,,,,
Hotknife,,,,,,
Huntley S,,,,,,
Imorgon,,,,,,
Impaler,,,,,,
Infernus,,,,,,
Infernus Classic,,,,,,
Ingot,,,,,,
Issi,,,,,,
Itali GTB,,,,,,
Itali GTB Custom,,,,,,
Itali GTO,,,,,,
Jackal,,,,,,
JB 700,,,,,,
Jester,,,,,,
Jester (Racecar),,,,,,
Jester Classic,,,,,,
Jester RR,,,,,,
Journey,,,,,,
Jugular,,,,,,
Kamacho,,,,,,
Karin Land Cruiser 200,,,,,,
Karin Mark 2,,,,,,
Karin Rav4 2021,,,,,,
Karin Supra A80,,,,,,
Karin Tundra 2021,,,,,,
Khamelion,,,,,,
Komoda,,,,,,
Krieger,,,,,,
Kuruma,,,,,,
Lampadati Guilia GTA,,,,,,
Landstalker,,,,,,
Lynx,,,,,,
Mamba,,,,,,
Massacro,,,,,,
Monroe,,,,,,
Moonbeam,,,,,,
Nebula Turbo,,,,,,
Neon,,,,,,
Nero,,,,,,
Nero Custom,,,,,,
Nightshade,,,,,,
Novak,,,,,,
Obey A6,,,,,,
Obey A8,,,,,,
Obey Q60,,,,,,
Obey Q8,,,,,,
Obey R8,,,,,,
Obey RS6,,,,,,
Obey RS7,,,,,,
Obey S8 (D4),,,,,,
Ocelot DBS GT Zagato,,,,,,
Ocelot Eletre,,,,,,
Ocelot F-Type R,,,,,,
Ocelot V12 Speedster,,,,,,
Ocelot Vanquish Zagato SB,,,,,,
Ocelot Victor,,,,,,
Ocelot XE SV Project 8,,,,,,
Octavia RS,,,,,,
Oracle,,,,,,
Osiris,,,,,,
Panto,,,,,,
Paragon R,,,,,,
Pariah,,,,,,
Patriot,,,,,,
Patriot Stretch,,,,,,
Pegassi Huayra BC,,,,,,
Pegassi Performante (LP640),,,,,,
Penetrator,,,,,,
Penumbra,,,,,,
Pfister 911,,,,,,
Pfister 918 Spyder,,,,,,
Pfister Panamera,,,,,,
Pfister Taycan,,,,,,
Pheonix,,,,,,
Picador,,,,,,
Prairie,,,,,,
Premier,,,,,,
Previon,,,,,,
Progen P1,,,,,,
Raiden,,,,,,
Rancher XL,,,,,,
Rapid GT,,,,,,
Raptor,,,,,,
Rat-Loader,,,,,,
Rat-Truck,,,,,,
RE-7B,,,,,,
Reaper,,,,,,
Rebel,,,,,,
Rebla GTS,,,,,,
Regina,,,,,,
Remus,,,,,,
Revolter,,,,,,
Rhapsody,,,,,,
Riata,,,,,,
Rocoto,,,,,,
Ruiner,,,,,,
Rumpo,,,,,,
Ruston,,,,,,
Rusty Rebel,,,,,,
Sabre Turbo,,,,,,
Sandking SWB,,,,,,
Sandking XL,,,,,,
SC-1,,,,,,
Schafter,,,,,,
Schafter LWB,,,,,,
Schafter LWB (Armored),,,,,,
Schafter V12,,,,,,
Schlagen GT,,,,,,
Schwarzer,,,,,,
Seminole,,,,,,
Sentinel Classic,,,,,,
Sentinel XS,,,,,,
Serrano,,,,,,
Seven-70,,,,,,
Shelby GT500,,,,,,
Slamvan,,,,,,
Slamvan Custom,,,,,,
Specter,,,,,,
Stafford,,,,,,
StafVapid,,,,,,
Stalion,,,,,,
Stinger,,,,,,
Stinger GT,,,,,,
Stirling GT,,,,,,
Streiter,,,,,,
Stretch,,,,,,
Sultan,,,,,,
Sultan Classic,,,,,,
Sultan RS,,,,,,
Sultan RS Classic,,,,,,
Super Diamond,,,,,,
Surano,,,,,,
Surge,,,,,,
Swinger,,,,,,
T-20,,,,,,
Tailgater,,,,,,
Tailgater S,,,,,,
Taipan,,,,,,
Tampa,,,,,,
Tempesta,,,,,,
Tezeract,,,,,,
Thrax,,,,,,
Tigon,,,,,,
Torero,,,,,,
Toros,,,,,,
Tropos Rallye,,,,,,
Truffade Chiron,,,,,,
Tulip,,,,,,
Turismo Classic,,,,,,
Turismo R,,,,,,
Tyrant,,,,,,
Tyrus,,,,,,
Ubermacht 760 (LI),,,,,,
Ubermacht I8,,,,,,
Ubermacht M3 (E46),,,,,,
Ubermacht M3 (G80),,,,,,
Ubermacht M3 CS,,,,,,
Ubermacht M4 (G82),,,,,,
Ubermacht M4 (GTS),,,,,,
Ubermacht M5 (CS),,,,,,
Ubermacht M5 (E34),,,,,,
Ubermacht M5 (E60),,,,,,
Ubermacht M5 (F90),,,,,,
Ubermacht M8 (F91),,,,,,
Ubermacht X5 (E70),,,,,,
Ubermacht X5 (G05),,,,,,
Ubermacht X5-M (F95),,,,,,
Ubermacht X6-M (E71),,,,,,
Ubermacht X6-M 2021,,,,,,
Ubermacht X7 (G07),,,,,,
V-STR,,,,,,
Vacca,,,,,,
Vagner,,,,,,
Vamos,,,,,,
Vapid Mustang GT500,,,,,,
Vapid Raptor (F150),,,,,,
Vectre,,,,,,
Velierer,,,,,,
Vigero,,,,,,
Virgo,,,,,,
Virgo Classic,,,,,,
Visione,,,,,,
Voltic,,,,,,
Voodoo,,,,,,
Voodoo Custom,,,,,,
Warrener,,,,,,
Warrener HKR,,,,,,
Washington,,,,,,
Windsor,,,,,,
Windsor Drop,,,,,,
X80 Proto,,,,,,
XA-21,,,,,,
XLS,,,,,,
XLS (Armored),,,,,,
Yosemite,,,,,,
Yosemite Rancher,,,,,,
Z-Type,,,,,,
Zentorno,,,,,,
Zion,,,,,,
Zion Cabrio,,,,,,
Zion Classic,,,,,,
Zorrusso,,,,,,
9F,,,,,,
9F Cabrio,,,,,,
&&&&&&&&&&&&&&&&&&&&&&&&&&&&&&&&&&&&&&&&&&&&&&&&&&&&,,,,,,
Akuma,,,,,,
Avarus,,,,,,
Apocalypse Deathbike,,,,,,
Bagger,,,,,,
Bati 801,,,,,,
Bati 801RR,,,,,,
BF-400,,,,,,
Blazer,,,,,,
Blazer Lifeguard,,,,,,
BMX,,,,,,
Carbon RS,,,,,,
Cliffhanger,,,,,,
Daemon,,,,,,
Defiler,,,,,,
Diabolus,,,,,,
Diabolus Custom,,,,,,
Double-T,,,,,,
Enduro,,,,,,
Esskey,,,,,,
Faggio,,,,,,
FCR 1000,,,,,,
FCR 1000 Custom,,,,,,
Future Shock Deathbike,,,,,,
Gargoyle,,,,,,
Hakuchou,,,,,,
Hakuchou Drag,,,,,,
Hexer,,,,,,
Innovation,,,,,,
Lectro,,,,,,
Manchez,,,,,,
Nemesis,,,,,,
Nightblade,,,,,,
PCJ-600,,,,,,
Rat Bike,,,,,,
Ruffian,,,,,,
Sanchez,,,,,,
Sanctus,,,,,,
Shotaro,,,,,,
Street Blazer,,,,,,
Thrust,,,,,,
Tri-Cycles Race Bike,,,,,,
Vader,,,,,,
Vindicator,,,,,,
Vortex,,,,,,
Whippet Race Bike,,,,,,
Wolfsbane,,,,,,
Zombie Chopper,,,,,,
&&&&&&&&&&&&&&&&&&&&&&&&&&&&&&&&&&&&&&&&&&&&&&&&&&&&,,,,,,
Akuma,,,,,,
Alpha-Z1,,,,,,
Apocalypse Deathbike,,,,,,
Avarus,,,,,,
Bagger,,,,,,
Bati 801,,,,,,
Bati 801RR,,,,,,
BF-400,,,,,,
Blazer,,,,,,
Blazer Lifeguard,,,,,,
BMX,,,,,,
Buzzard,,,,,,
Carbon RS,,,,,,
Chimera,,,,,,
Cliffhanger,,,,,,
Cruiser,,,,,,
Cuban 800,,,,,,
Daemon,,,,,,
Defiler,,,,,,
Diabolus,,,,,,
Diabolus Custom,,,,,,
Dinghy,,,,,,
Dinghy (2-Seater),,,,,,
Dinghy (Yacht),,,,,,
Dodo,,,,,,
Double-T,,,,,,
Duster,,,,,,
Enduro,,,,,,
Esskey,,,,,,
Faggio,,,,,,
FCR 1000,,,,,,
FCR 1000 Custom,,,,,,
Future Shock Deathbike,,,,,,
Frogger,,,,,,
Gargoyle,,,,,,
Hakuchou,,,,,,
Hakuchou Drag,,,,,,
Hexer,,,,,,
Howard NX-25,,,,,,
Innovation,,,,,,
Jetmax,,,,,,
Lectro,,,,,,
Luxor,,,,,,
Luxor Deluxe,,,,,,
Malard,,,,,,
Manchez,,,,,,
Mammatus,,,,,,
Marquis,,,,,,
Maverick,,,,,,
Microlight,,,,,,
Nemesis,,,,,,
Nightblade,,,,,,
Nimbus,,,,,,
P-45 Nokota,,,,,,
PCJ-600,,,,,,
Rat Bike,,,,,,
Ruffian,,,,,,
Sanchez,,,,,,
Sanctus,,,,,,
SeaShark,,,,,,
Shotaro,,,,,,
Sparrow,,,,,,
Speeder,,,,,,
Squalo,,,,,,
Street Blazer,,,,,,
Suntrap,,,,,,
SuperVolito Carbon,,,,,,
Swift Deluxe,,,,,,
Thrust,,,,,,
Toro,,,,,,
Tri-Cycles Race Bike,,,,,,
Tropic,,,,,,
V-65 Molotok,,,,,,
Vader,,,,,,
Velum,,,,,,
Vindicator,,,,,,
Volatus,,,,,,
Vortex,,,,,,
Whippet Race Bike,,,,,,
Wolfsbane,,,,,,
Zombie Chopper,,,,,,
